label,num_data_points,corr_coeff,p_value
SF16h_HGT1_120,698,0.0329676577565,0.00949905009499
